traffic_control_device,weather_condition,lighting_condition,first_crash_type,trafficway_type,alignment,roadway_surface_cond,road_defect,crash_type,intersection_related_i,prim_contributory_cause,num_units,most_severe_injury,injuries_total,injuries_fatal,injuries_incapacitating,injuries_non_incapacitating,injuries_reported_not_evident,injuries_no_indication,crash_hour,crash_day_of_week,crash_month
10,13,3,0,7,5,1,2,1,0,27,2,3,13,1,6,18,14,14,17,3,10
8,11,0,5,13,4,8,3,1,0,19,9,1,10,0,4,12,7,13,20,4,4
13,6,1,15,12,6,0,5,1,0,16,8,0,16,2,7,17,3,31,11,3,10
1,6,1,16,13,5,8,7,0,1,9,4,3,18,1,4,21,2,4,16,7,5
6,10,0,13,9,5,5,1,0,0,32,10,3,17,1,4,16,10,44,16,7,2
8,11,3,6,11,4,4,3,0,1,16,3,4,4,3,7,8,6,7,17,7,8
8,4,3,10,18,2,3,7,1,0,11,8,3,4,1,4,13,2,19,13,7,3
10,2,5,2,18,2,7,1,1,0,17,7,3,11,0,4,1,8,47,8,6,10
4,6,5,13,16,5,3,4,0,1,32,3,0,12,3,4,4,13,29,8,1,10
15,8,3,2,2,5,8,6,1,0,9,10,2,2,3,1,8,13,11,21,3,8
12,13,2,7,7,6,3,4,0,0,33,8,1,9,1,6,0,15,13,8,7,7
10,3,2,11,5,6,4,5,1,1,28,4,4,18,2,5,6,13,21,15,1,11
11,8,1,12,9,1,7,7,0,1,16,1,2,19,2,4,5,5,19,5,7,7
6,13,5,10,7,4,7,7,1,1,5,8,4,1,3,6,21,0,37,0,2,1
6,8,5,1,16,3,0,7,0,0,4,11,2,18,2,0,3,1,19,1,5,5
16,12,1,6,9,6,8,0,0,0,34,2,4,18,1,4,13,12,11,11,3,7
1,5,1,8,16,2,3,3,0,1,15,4,0,17,3,4,15,13,40,14,1,12
17,8,5,11,16,2,8,2,0,0,0,2,1,18,3,7,12,10,32,11,6,5
13,5,2,2,6,2,1,5,0,0,24,5,4,2,3,2,6,2,14,15,7,3
9,2,1,13,11,0,0,0,1,1,35,3,1,3,0,2,19,15,17,18,2,2
14,1,2,9,6,6,8,1,0,1,22,9,0,18,1,7,11,8,10,7,5,8
17,2,5,16,12,1,6,5,0,0,16,11,1,1,0,6,7,7,5,19,6,3
1,1,0,12,11,1,2,2,0,1,37,5,4,16,2,5,15,1,6,14,3,1
3,10,1,11,18,0,8,4,0,1,29,5,3,8,0,7,12,12,36,5,4,3
4,8,4,7,10,0,1,3,1,1,8,2,1,14,0,5,12,12,10,20,6,8
2,13,1,7,9,6,8,7,0,1,28,7,2,8,3,0,20,6,22,0,4,4
4,13,1,8,3,5,5,1,0,1,0,4,2,13,0,4,4,10,38,19,2,6
10,1,4,15,6,1,0,0,1,0,25,10,1,5,2,7,16,4,46,18,3,4
14,9,0,17,16,0,7,1,0,0,8,1,1,10,0,7,8,3,16,17,3,11
16,8,4,13,5,0,2,5,0,1,13,9,1,15,1,3,0,8,32,10,5,12
4,6,3,0,5,6,1,3,1,1,37,1,0,10,0,1,16,7,16,0,1,7
9,6,5,10,4,3,5,6,0,0,27,10,0,16,3,7,18,1,11,22,1,7
7,7,5,0,15,5,1,0,0,0,13,10,0,8,3,4,20,1,5,14,1,5
2,6,3,1,4,2,2,7,1,0,4,6,0,1,1,4,7,6,33,2,3,12
7,7,3,9,0,1,8,6,1,0,7,7,1,4,2,7,10,5,2,2,1,11
11,0,5,8,18,5,4,3,0,1,2,8,1,16,1,5,16,7,19,21,1,7
17,13,1,10,10,1,1,0,1,1,2,11,2,6,0,1,16,4,19,7,6,1
14,11,5,5,0,6,0,2,1,0,26,11,1,3,3,5,3,11,49,0,5,1
2,5,5,7,10,2,6,4,0,0,14,1,0,12,1,0,9,10,8,8,2,4
12,2,0,4,15,2,6,2,1,1,31,2,0,11,0,6,9,0,22,8,5,10
9,6,3,0,17,6,2,0,0,0,3,8,3,8,2,2,21,5,45,15,5,4
10,1,4,4,12,0,1,0,0,1,7,9,2,0,2,6,13,7,41,8,3,12
14,5,0,16,15,0,5,7,0,1,27,10,0,13,1,5,6,0,35,16,3,5
1,5,0,14,15,1,2,7,1,1,25,1,4,16,1,2,16,14,5,4,7,1
9,11,3,13,7,1,1,1,0,1,36,2,2,8,2,6,21,11,49,2,7,10
4,13,3,0,10,0,1,2,1,1,20,11,2,15,2,0,10,10,35,2,7,12
10,0,0,6,17,4,5,0,0,1,4,3,3,18,3,2,15,11,9,4,6,8
17,11,1,0,12,6,3,5,1,1,31,10,3,6,2,3,9,8,6,23,3,10
16,5,0,7,9,5,1,5,0,0,27,2,4,16,2,7,8,11,19,2,1,8
2,1,4,8,10,4,6,0,0,1,6,8,2,13,2,2,9,15,37,10,7,8
9,2,5,8,11,1,0,1,1,0,28,2,4,16,0,7,5,6,39,1,7,3
15,1,4,8,7,2,6,6,0,0,22,1,0,8,0,5,14,7,33,9,2,1
8,10,5,2,4,1,3,2,1,0,11,5,2,18,0,2,0,7,33,23,6,7
4,2,1,11,17,3,4,6,0,1,8,8,0,17,2,7,9,12,30,23,5,4
14,9,3,3,7,5,7,0,0,0,35,4,3,18,1,6,19,4,20,14,7,6
13,9,1,5,4,1,0,4,1,0,13,3,1,5,3,0,18,2,33,9,7,12
15,2,0,11,8,4,5,2,0,1,23,10,4,13,0,7,4,0,1,21,6,3
8,4,5,10,6,2,2,4,1,0,15,9,3,9,2,2,21,11,35,7,7,12
6,0,3,15,11,2,3,0,0,1,14,9,0,9,3,7,4,12,13,23,2,4
8,4,5,0,9,2,7,0,1,1,4,10,4,6,1,0,13,4,30,8,7,5
9,11,5,0,2,5,7,1,1,0,23,5,2,5,0,5,21,14,26,13,7,9
7,12,2,2,13,6,2,0,1,0,12,6,3,8,3,5,13,14,36,5,3,12
7,0,0,15,6,6,5,5,0,0,21,11,0,17,2,2,8,8,11,18,3,6
5,2,3,16,15,3,4,7,1,0,23,1,3,2,2,7,9,9,43,16,5,7
5,11,5,5,9,1,6,1,0,1,30,9,0,15,3,5,19,2,36,16,4,4
14,7,0,2,1,1,4,0,1,0,13,11,4,9,0,5,11,14,31,8,3,1
17,12,0,0,3,2,3,0,1,0,28,5,0,2,0,2,9,13,32,19,7,3
18,13,3,13,12,4,4,4,0,0,20,8,4,1,0,3,5,4,21,1,3,5
1,6,0,13,14,5,5,5,1,1,39,11,2,0,0,6,19,2,41,19,3,7
3,0,3,14,11,3,6,0,0,1,1,4,2,14,1,2,0,14,38,7,2,3
7,0,1,6,17,4,2,4,1,0,1,8,2,11,1,2,19,8,2,14,6,6
18,12,3,13,6,0,1,0,1,0,3,9,2,8,0,3,0,8,10,15,6,5
18,6,0,15,7,2,7,7,1,1,30,8,4,8,0,7,7,10,5,12,4,11
7,7,4,4,10,6,3,6,1,1,18,1,1,19,1,4,8,15,30,9,5,2
4,12,0,5,15,6,8,2,1,0,35,6,1,18,0,0,10,5,22,14,7,12
3,9,5,13,0,1,4,4,0,0,29,2,1,11,0,3,5,13,32,16,3,11
2,11,0,5,7,0,1,5,0,0,27,8,4,9,1,6,2,7,35,16,5,3
14,7,4,17,4,3,0,5,1,1,26,5,0,1,1,0,5,13,48,9,5,6
5,4,4,12,7,5,6,6,1,0,39,8,4,3,0,4,4,6,39,2,1,5
16,0,3,4,2,6,6,5,1,0,32,7,4,14,1,0,18,13,17,23,1,12
4,12,1,2,15,4,5,4,1,0,35,6,0,12,1,4,8,3,1,1,3,4
12,13,2,15,13,4,0,4,0,1,3,3,2,0,0,2,0,12,6,22,3,12
10,7,5,11,14,5,1,6,1,1,39,11,3,10,1,4,3,5,27,6,6,1
5,6,4,12,2,5,1,1,0,1,4,10,2,2,3,0,4,0,18,10,7,5
5,1,1,17,2,3,5,6,1,0,6,7,3,15,0,0,11,6,3,12,1,12
5,12,1,5,5,5,7,7,1,1,7,11,4,6,0,4,10,3,30,12,4,11
16,13,2,12,17,6,2,0,1,1,22,4,2,7,3,5,7,4,3,19,2,2
3,12,3,17,15,3,7,7,1,1,33,8,4,13,2,6,8,7,28,12,6,5
18,9,5,14,14,5,2,5,1,1,17,7,4,17,2,5,10,8,17,5,6,5
13,6,3,13,14,0,2,1,1,0,5,4,3,13,3,1,13,1,16,13,2,11
2,5,0,10,14,6,1,2,1,1,21,4,4,4,1,1,4,6,46,1,2,5
2,2,1,6,11,3,6,6,0,1,17,9,3,17,1,2,4,0,17,12,5,1
6,6,1,4,17,5,1,2,0,0,31,9,3,19,1,6,0,1,9,16,7,8
14,5,1,8,7,1,4,6,1,1,17,9,1,7,1,7,10,11,28,23,3,8
16,12,0,12,0,4,8,0,0,1,15,10,0,16,2,6,21,13,42,16,7,3
10,6,4,2,3,3,1,3,1,0,7,11,0,11,2,7,16,7,2,21,3,9
3,9,0,14,5,0,4,1,0,0,26,7,2,9,2,2,9,15,23,23,4,10
16,10,4,9,3,3,8,7,1,1,8,4,1,6,3,2,12,10,0,21,7,11
0,12,3,0,9,4,4,5,0,0,24,11,2,0,0,6,11,11,1,5,5,9
1,13,5,12,9,2,0,1,1,1,9,7,3,18,2,2,1,13,39,21,3,4
1,6,0,7,17,6,8,1,1,1,22,6,1,4,1,1,7,1,19,20,1,12
7,4,3,14,17,4,6,1,0,0,35,8,3,19,1,2,21,3,46,8,3,12
7,12,3,12,10,4,6,5,0,1,34,7,3,15,0,4,7,14,22,2,2,2
18,3,1,13,14,4,3,6,1,1,36,7,1,15,0,2,17,5,18,22,7,11
17,8,3,5,1,3,5,0,0,0,28,2,1,5,0,2,16,10,11,18,6,1
1,13,3,10,0,3,0,5,0,1,18,7,4,0,1,3,11,8,28,0,2,2
3,3,3,14,15,2,8,4,1,0,9,8,1,5,0,4,2,7,37,0,4,12
10,1,1,11,14,6,6,1,1,1,37,11,4,18,2,6,3,15,18,12,1,12
12,8,5,1,4,4,1,7,1,1,21,3,2,9,0,0,5,14,36,22,7,3
15,8,2,3,4,4,4,4,1,1,26,7,3,17,3,1,11,1,32,22,7,5
18,8,5,6,10,3,0,1,0,1,17,1,1,3,0,7,12,11,18,18,6,3
3,5,5,8,5,6,6,1,1,1,31,11,4,16,0,2,17,6,33,23,2,9
4,7,2,16,14,3,7,3,1,1,32,5,0,2,0,1,5,6,44,21,1,10
3,1,0,6,17,1,1,3,0,1,14,5,0,1,1,6,2,8,18,2,1,4
6,3,0,0,4,1,3,6,0,0,11,3,4,0,1,4,3,9,19,20,4,7
12,4,3,0,14,2,6,2,1,0,13,4,0,19,2,6,6,7,38,9,2,12
10,6,5,1,16,0,3,2,0,0,16,8,2,15,1,2,21,4,5,9,6,4
7,1,5,1,3,6,7,6,0,1,13,9,1,4,1,6,15,6,19,12,6,7
15,8,1,2,4,1,3,1,0,1,23,1,3,19,2,2,4,10,37,20,4,2
11,10,4,16,11,5,5,1,1,1,30,3,1,7,0,7,7,5,5,16,3,9
0,11,0,10,10,6,1,2,1,0,1,11,1,6,0,7,7,10,36,15,7,8
6,8,2,6,2,3,1,4,1,1,26,11,1,13,3,2,3,11,41,9,4,8
13,1,3,8,14,0,2,3,0,1,37,10,1,17,0,1,17,13,44,6,3,7
3,0,0,5,13,3,2,5,0,1,9,1,3,6,1,1,18,12,31,22,3,12
12,2,1,7,9,3,6,1,0,0,6,2,4,18,0,7,18,5,6,22,5,12
12,2,4,7,9,0,3,7,1,1,11,3,2,2,2,5,4,11,45,1,1,8
10,12,5,0,12,1,1,7,0,0,12,10,3,2,2,6,19,1,37,8,3,3
18,0,5,14,15,6,6,1,1,1,37,4,1,19,0,6,20,1,35,9,2,4
10,8,4,4,17,3,7,5,1,0,1,3,2,16,2,4,3,2,40,16,3,4
15,12,4,11,16,5,2,3,0,1,23,5,4,12,2,3,8,15,4,11,3,12
17,8,2,11,14,2,2,0,0,1,6,11,4,19,3,6,17,11,5,9,2,3
14,8,0,7,6,6,3,5,1,0,3,10,1,0,3,0,12,13,23,4,7,11
15,4,5,14,4,5,1,0,0,1,22,3,4,1,2,2,4,6,47,16,6,5
2,12,2,12,10,6,3,6,1,0,13,7,1,16,0,7,9,5,27,21,5,5
17,8,4,3,10,0,8,2,0,1,23,7,0,13,0,7,6,7,15,2,2,4
1,9,3,16,12,2,6,2,1,0,13,9,1,5,3,3,16,11,45,14,3,3
18,12,4,13,1,6,8,1,1,1,27,2,2,1,3,6,1,6,45,1,5,5
2,5,0,7,18,1,7,7,0,1,10,7,4,5,3,0,0,15,33,8,7,4
8,2,4,4,6,6,5,0,0,0,26,5,1,7,0,1,4,5,17,18,6,2
8,8,5,1,13,2,4,7,1,1,25,10,0,15,2,5,17,13,3,14,7,1
13,9,2,14,4,4,8,4,0,1,38,7,3,9,1,2,15,13,30,22,1,3
0,13,3,13,0,6,3,7,1,1,27,2,2,8,1,0,3,3,14,2,7,10
9,12,5,17,5,1,3,5,1,1,18,8,0,13,3,3,16,4,17,1,3,1
5,13,1,1,11,0,7,4,0,0,27,11,1,13,1,0,19,9,35,23,2,7
6,1,2,16,13,3,7,2,0,1,32,4,3,11,2,1,17,4,32,18,4,1
3,9,4,6,2,6,6,6,0,1,16,1,3,17,1,1,4,8,0,21,6,5
14,10,2,6,18,0,5,6,1,0,23,8,0,13,1,0,3,4,46,2,5,8
12,9,1,6,7,5,5,5,1,0,20,7,0,3,0,6,8,6,28,3,2,9
2,0,0,8,13,2,3,1,1,0,17,1,4,14,0,1,9,1,18,10,3,3
0,0,0,0,2,0,4,0,0,1,25,8,3,15,0,7,21,14,17,20,5,7
17,2,5,5,0,0,3,7,1,0,27,9,3,11,0,4,1,6,29,21,5,6
3,9,3,4,10,2,4,4,0,1,5,3,1,2,2,0,9,5,0,2,6,12
16,1,3,16,18,6,8,5,0,1,29,9,2,15,2,4,15,9,22,9,6,10
11,7,3,14,8,2,3,0,0,1,29,8,1,6,0,1,13,10,4,10,5,9
13,11,5,3,4,2,1,0,1,1,18,10,4,16,2,2,16,12,49,9,6,12
5,13,0,16,3,0,0,1,1,0,19,7,1,0,0,5,18,12,35,8,7,5
13,11,3,9,16,2,0,6,1,1,11,2,4,5,1,1,6,8,17,15,1,3
8,5,2,7,7,3,6,5,1,1,19,4,2,15,1,5,16,5,45,7,7,1
3,6,4,4,0,1,3,4,0,1,14,6,0,4,1,4,15,5,43,6,1,6
2,8,1,11,14,4,4,6,1,0,39,8,1,4,3,6,9,6,5,20,4,11
6,7,1,14,5,0,7,4,1,0,15,2,2,5,2,7,21,9,36,3,5,5
11,5,4,15,2,6,5,2,0,1,20,8,1,8,1,6,13,7,8,10,6,1
18,0,4,3,12,5,5,5,1,1,37,4,2,2,0,5,16,9,28,2,5,8
6,2,4,16,13,0,7,5,1,1,27,6,1,10,2,0,17,10,22,18,6,1
18,0,0,7,15,6,0,6,1,1,16,9,3,10,1,1,15,15,46,22,6,12
3,2,2,12,14,5,4,1,1,1,25,4,3,6,3,5,21,3,24,10,6,1
4,13,4,7,5,0,7,0,1,0,2,2,3,7,0,0,17,4,37,5,2,4
5,0,0,7,8,1,1,6,0,1,37,8,0,19,0,1,12,3,45,18,2,5
10,11,2,1,17,3,2,6,1,1,17,2,4,15,2,1,11,2,46,20,3,8
17,5,0,16,4,5,6,3,0,0,22,3,3,7,1,4,11,0,44,18,3,5
12,5,1,2,1,0,7,2,0,1,22,1,4,18,0,1,15,2,4,14,5,6
2,11,0,11,13,0,5,5,0,1,21,5,1,2,0,7,11,5,36,17,5,9
5,12,0,15,5,2,7,5,1,1,30,4,4,9,0,3,10,1,37,13,7,12
12,4,5,2,7,2,2,5,0,0,16,10,3,6,3,2,16,2,6,1,3,1
10,10,4,16,14,4,4,7,0,0,6,6,3,13,2,5,17,4,4,18,2,2
6,12,2,4,15,2,3,0,1,0,1,4,0,9,0,3,16,0,4,19,3,3
18,5,3,7,7,1,7,1,0,1,32,7,0,11,2,3,13,4,6,18,4,9
0,5,4,3,5,4,0,4,0,1,20,1,0,4,2,7,2,7,44,0,7,5
3,2,1,5,6,4,5,3,0,0,0,9,0,4,2,2,1,8,25,21,1,2
0,5,0,15,2,3,5,2,1,0,12,4,3,3,1,7,7,2,45,12,7,4
13,2,3,5,12,3,4,0,1,0,30,5,2,19,1,2,21,2,9,12,4,7
3,6,3,6,0,2,3,7,1,1,37,6,2,16,2,3,19,5,3,5,4,2
6,8,5,14,6,1,3,1,0,0,6,10,4,15,3,6,7,0,16,10,3,9
15,5,1,6,18,4,3,6,1,0,31,1,4,18,1,7,20,14,22,17,5,7
3,2,5,11,11,6,1,0,1,0,9,6,3,12,1,1,10,3,5,23,2,6
0,0,1,2,10,5,6,7,0,0,16,10,0,1,0,0,20,8,10,18,3,6
9,13,0,2,5,4,5,2,1,1,1,3,0,10,3,1,8,3,6,4,2,12
1,1,5,14,12,6,5,5,0,1,29,4,3,2,1,6,7,12,31,21,2,9
17,8,1,10,8,3,2,4,1,0,37,8,1,6,0,1,0,2,42,2,7,11
13,0,5,1,16,3,4,7,1,1,27,11,0,9,2,4,5,0,14,21,5,6
6,5,2,8,8,1,7,5,0,0,5,7,1,5,2,4,2,11,46,2,1,12
1,5,4,15,16,4,7,1,0,0,34,3,2,13,2,6,16,7,47,22,6,2
8,8,0,2,7,4,6,1,0,1,35,3,3,4,0,7,17,1,21,11,1,8
6,5,3,17,17,1,0,4,1,0,24,3,2,11,1,7,20,6,19,19,5,12
18,12,1,9,8,4,0,0,1,1,22,9,4,5,2,5,14,12,20,10,3,9
9,10,4,6,1,6,1,6,1,0,2,10,0,12,2,1,21,0,22,1,3,8
4,12,5,17,9,3,7,7,0,1,39,7,4,17,1,2,13,6,15,23,6,7
13,11,5,5,16,4,6,2,1,1,39,3,4,1,0,5,8,7,49,20,3,10
18,9,0,0,1,0,8,3,0,0,31,9,1,11,3,1,6,3,4,20,5,11
18,12,3,13,1,2,7,5,1,0,37,7,0,0,2,3,6,11,20,14,7,5
13,9,4,9,13,6,1,6,0,1,13,4,2,1,3,3,17,4,36,13,2,6
9,1,2,8,4,0,1,4,1,1,7,7,3,10,0,7,10,7,14,0,2,1
1,3,1,14,10,2,2,5,1,0,34,10,0,15,3,3,0,14,9,22,3,10
1,12,4,3,12,2,3,5,1,0,37,8,4,17,3,3,21,10,47,10,6,10
9,6,4,15,15,6,1,4,0,1,31,5,2,9,2,0,7,9,29,17,5,1
10,5,1,7,3,5,6,4,1,1,3,5,2,17,2,1,2,11,32,7,5,7
0,7,3,9,4,0,3,0,1,0,6,9,4,16,1,2,12,11,23,15,6,4
5,5,3,15,1,6,6,3,0,0,6,4,0,8,1,6,5,12,14,21,6,10
4,9,0,3,5,3,8,1,1,1,2,6,4,15,2,0,1,2,7,14,1,3
1,2,3,12,4,1,7,7,0,1,9,2,0,3,0,1,20,5,36,12,4,6
13,11,1,17,15,2,0,0,1,1,12,11,2,13,0,0,10,13,8,15,7,3
18,0,2,17,9,3,5,1,0,1,30,9,0,12,2,7,13,2,38,18,2,3
4,8,5,6,13,6,5,5,1,1,25,9,1,6,3,3,10,3,6,14,4,7
12,0,5,13,1,4,2,0,1,1,15,5,2,4,3,3,10,6,12,6,5,7
7,9,2,16,14,0,1,0,1,1,21,4,4,7,2,1,13,1,9,9,7,12
18,13,0,9,5,6,4,2,0,0,30,8,3,17,3,2,21,13,47,15,3,6
8,6,3,6,13,6,3,6,0,1,4,8,1,10,3,5,10,12,42,7,3,2
8,6,3,14,8,0,1,6,0,0,13,1,2,16,2,2,9,4,14,4,5,1
14,12,2,0,4,3,5,6,1,1,30,4,2,10,1,0,18,4,49,19,2,5
8,3,0,15,10,0,7,3,1,0,1,1,1,0,0,3,21,7,1,19,5,5
2,5,1,6,0,4,5,0,0,0,6,7,1,1,1,0,14,2,2,21,1,11
12,13,4,12,0,6,7,5,1,0,33,4,2,1,0,6,2,13,36,0,7,10
13,2,1,15,2,4,5,5,0,0,29,10,0,10,0,6,5,6,38,3,1,4
6,13,5,17,0,6,6,1,1,0,15,4,1,16,2,0,3,13,9,1,2,12
15,12,3,2,12,3,1,4,0,0,5,4,4,14,1,7,5,7,42,9,1,5
1,9,2,12,14,4,5,2,1,1,5,2,2,18,1,7,1,2,0,22,5,4
16,1,0,14,18,4,3,0,1,0,34,11,1,15,1,2,5,1,21,10,5,2
8,12,1,15,18,2,1,5,0,1,33,1,1,12,3,7,4,12,24,2,6,2
12,4,0,8,8,2,4,0,1,0,4,3,1,18,3,2,7,15,4,23,7,1
16,1,5,9,10,2,3,5,1,1,35,9,0,18,3,0,17,8,26,18,3,8
13,6,4,8,5,4,8,0,0,1,15,10,4,14,0,6,4,8,6,7,4,2
0,10,2,17,10,1,6,5,1,1,10,7,1,12,0,4,10,12,22,9,3,8
13,7,0,11,9,3,6,0,1,0,25,5,4,10,1,2,21,14,16,23,5,7
17,5,3,6,17,5,3,6,1,1,2,8,4,10,0,1,17,9,45,17,2,7
3,12,0,12,5,3,7,6,0,0,19,7,0,16,0,7,16,7,41,9,1,11
11,10,4,8,9,6,2,5,0,1,2,6,2,6,1,3,18,9,48,23,6,6
17,1,2,0,1,4,6,3,0,0,3,2,2,12,0,5,19,5,25,3,7,11
7,11,0,2,8,4,5,0,1,1,13,2,0,15,2,0,10,1,8,17,5,5
0,3,5,0,7,2,7,2,1,1,33,2,4,3,2,6,5,9,15,12,7,7
12,3,0,17,11,3,1,6,0,0,1,4,2,10,1,4,9,4,3,5,2,12
16,8,3,14,14,5,2,4,0,0,33,8,2,1,0,7,11,13,18,10,5,7
4,8,2,5,13,1,2,2,0,1,19,6,0,7,3,6,8,2,22,10,4,9
17,10,2,1,8,5,3,4,0,0,10,7,2,14,1,7,2,3,27,17,5,9
14,0,3,10,5,4,0,6,1,1,16,8,0,16,2,4,2,4,27,16,6,8
4,6,1,5,4,0,7,0,1,0,6,3,0,16,3,6,2,8,15,14,2,4
14,10,3,8,15,0,6,3,1,0,5,7,1,17,2,6,21,0,7,14,6,12
4,0,2,8,12,2,5,5,0,0,16,4,2,5,1,7,4,13,35,3,4,11
3,12,2,1,2,5,6,0,0,1,13,9,3,19,1,4,11,3,17,1,4,11
3,5,0,7,10,6,5,0,1,0,1,7,1,10,3,5,0,2,13,12,7,3
5,5,3,13,13,2,0,7,0,1,23,4,0,18,0,1,19,13,16,20,1,11