traffic_control_device,weather_condition,lighting_condition,first_crash_type,trafficway_type,alignment,roadway_surface_cond,road_defect,crash_type,intersection_related_i,prim_contributory_cause,num_units,most_severe_injury,injuries_total,injuries_fatal,injuries_incapacitating,injuries_non_incapacitating,injuries_reported_not_evident,injuries_no_indication,crash_hour,crash_day_of_week,crash_month
6,2,1,7,17,4,3,1,1,0,13,10,3,2,2,5,19,8,48,16,6,11
10,7,1,11,8,3,5,7,0,0,24,3,3,17,1,3,16,1,40,19,4,8
5,7,3,12,9,5,0,6,0,1,10,7,4,15,3,1,0,14,35,15,1,3
1,7,2,1,11,2,5,4,0,1,39,4,0,3,3,3,15,3,41,15,5,8
12,12,5,11,9,0,5,1,0,1,35,10,4,9,3,7,3,4,40,16,2,8
5,4,0,2,2,5,0,3,1,0,15,2,4,12,0,0,9,14,25,17,2,12
13,13,0,9,2,2,6,4,1,0,22,1,4,5,2,7,10,6,45,5,7,11
8,5,4,17,17,1,8,6,0,0,12,8,0,6,0,3,8,3,36,7,3,9
18,1,1,14,0,5,5,4,1,1,34,2,2,11,0,2,14,15,39,22,4,9
11,8,0,1,11,4,0,4,0,1,13,5,2,2,3,7,1,6,41,15,3,10
9,2,4,5,16,3,4,6,1,0,6,3,0,5,2,7,21,6,22,11,6,1
5,2,5,15,12,6,7,2,1,1,27,6,1,17,2,2,6,9,12,8,1,9
13,0,1,8,6,1,8,0,0,1,34,3,0,18,0,5,7,3,7,9,1,1
1,4,3,13,6,3,4,2,1,0,21,4,2,16,0,6,19,2,40,11,4,11
7,0,5,8,9,6,3,2,0,0,31,4,3,4,1,3,2,12,49,20,1,10
6,5,4,4,13,2,2,2,0,1,14,10,3,10,2,6,7,3,14,2,5,10
15,12,5,4,6,1,1,7,0,1,25,1,1,2,2,6,0,10,36,7,6,11
6,2,2,3,5,5,8,3,1,0,34,8,4,7,1,7,18,11,43,3,5,6
18,8,2,6,2,3,7,5,1,1,5,8,1,15,1,4,7,1,18,1,5,8
4,12,0,8,0,6,3,1,0,1,17,10,3,7,2,1,1,9,30,17,2,9
12,12,1,15,12,1,4,1,0,1,25,2,2,11,3,5,20,6,39,23,6,6
1,1,2,5,18,4,7,1,1,0,5,9,4,11,2,2,15,8,40,0,4,5
6,7,1,9,5,5,7,1,0,0,11,6,1,5,2,6,10,1,2,14,2,5
1,13,0,15,10,3,4,3,0,1,5,4,2,1,0,6,0,12,16,0,3,7
3,13,1,13,9,1,8,4,1,1,31,5,0,2,3,3,17,14,18,22,3,6
5,3,5,4,4,3,7,4,1,0,26,4,0,18,2,3,19,13,1,14,6,10
9,2,3,16,14,0,1,5,1,1,5,5,3,15,2,0,0,10,29,21,7,10
3,13,3,2,13,3,6,4,0,1,10,10,3,12,2,2,21,9,45,10,1,9
14,8,2,8,10,5,4,5,1,0,13,7,1,2,1,6,17,4,33,7,6,6
17,9,5,8,4,6,2,2,1,0,31,7,0,18,1,6,16,2,20,8,2,1
8,6,4,1,5,6,6,4,1,0,12,7,1,9,1,7,0,14,1,7,5,12
13,4,5,3,14,4,2,1,1,0,38,2,0,4,1,1,10,9,39,3,4,8
3,1,2,14,5,3,0,7,1,0,4,5,0,4,0,3,18,6,48,20,4,11
13,13,0,14,2,2,5,1,1,1,8,7,2,9,3,6,21,12,34,3,5,1
6,13,0,4,5,3,6,3,0,1,13,11,4,1,1,6,16,6,47,5,4,2
4,4,5,15,10,2,0,3,1,0,5,7,3,13,1,5,4,14,7,10,3,1
2,0,3,11,4,5,3,4,0,0,10,3,2,12,3,1,3,2,2,19,3,1
14,3,4,2,15,5,4,5,1,0,20,3,4,1,1,1,15,15,39,1,2,1
12,5,2,1,14,5,3,7,0,0,22,8,2,15,2,7,20,3,45,7,3,5
6,5,0,14,10,3,7,0,1,1,28,1,4,12,3,0,10,11,2,9,2,4
11,11,3,9,7,1,5,3,1,0,2,8,4,4,2,3,15,6,47,6,4,7
12,13,3,10,14,5,0,6,1,1,21,4,3,8,1,2,12,7,27,23,2,12
0,13,1,14,12,6,8,6,0,1,34,10,1,18,3,7,3,10,15,19,1,4
16,8,2,8,9,5,4,3,1,0,21,2,3,19,1,2,6,3,35,8,1,5
16,8,5,15,11,6,2,7,1,1,3,9,2,1,1,4,15,12,5,19,3,8
2,1,3,11,4,6,5,3,0,1,14,2,1,2,1,4,13,10,47,7,1,6
12,4,4,10,7,6,2,2,1,1,29,4,1,9,3,5,7,6,0,13,3,5
7,6,0,13,0,2,0,2,0,1,8,6,0,0,2,4,21,9,11,0,4,9
11,0,0,1,16,2,2,4,0,1,36,5,3,2,0,2,3,3,35,14,3,6
15,0,0,7,3,0,4,0,0,1,35,3,3,9,2,3,17,8,0,4,3,9
4,9,2,4,14,5,5,4,0,0,38,6,0,7,2,6,10,3,3,3,4,1
15,6,4,8,16,0,0,6,1,1,39,11,0,9,0,1,0,6,0,18,3,11
18,12,0,0,10,5,0,7,0,1,26,1,1,9,0,5,11,4,31,0,2,12
9,12,4,2,0,6,8,1,1,0,24,11,2,8,3,6,13,11,4,14,1,4
8,0,3,17,4,2,5,2,0,0,36,7,0,7,3,6,14,3,4,0,4,2
13,9,5,9,8,2,4,0,1,0,29,9,0,16,1,3,14,0,2,22,7,2
18,3,5,11,5,4,2,1,1,1,22,8,4,13,0,4,11,0,12,3,6,4
14,6,1,9,11,3,1,1,0,0,28,5,3,5,3,5,13,12,17,19,2,8
18,6,4,1,15,2,6,5,0,1,2,9,1,16,1,3,20,4,31,15,5,1
8,3,2,14,17,5,4,3,1,1,12,5,1,11,1,6,12,5,1,0,3,6
11,2,4,10,8,1,1,4,1,0,34,8,1,0,0,4,5,13,6,19,1,10
10,2,5,14,14,5,2,0,1,1,10,7,3,6,2,6,18,11,26,13,5,1
9,5,4,9,3,2,5,0,1,0,7,6,2,0,1,1,0,11,15,23,3,6
14,8,1,15,12,2,0,2,0,0,26,5,2,0,2,1,19,14,34,0,1,4
5,4,4,9,10,4,2,0,0,1,21,1,1,9,3,3,7,1,9,5,7,3
5,8,5,15,5,4,8,2,1,0,16,5,1,6,3,6,13,15,37,12,1,9
1,3,3,9,14,5,6,3,1,0,14,8,1,8,3,1,2,14,20,1,5,5
12,8,2,7,15,0,3,4,1,1,37,4,1,16,0,5,19,3,32,10,3,2
9,10,5,3,8,0,6,2,1,0,35,7,1,18,2,3,12,3,37,9,1,12
13,3,3,1,18,5,2,5,0,1,14,7,0,8,0,7,10,8,35,23,4,9
8,1,1,13,3,6,2,4,1,1,7,5,4,5,0,2,21,11,20,19,6,9
13,3,3,10,11,6,7,7,1,0,34,2,1,17,0,5,10,11,40,8,6,6
6,0,0,15,2,1,1,5,0,1,26,7,1,10,1,5,19,12,49,2,1,1
13,6,4,13,13,0,5,3,0,0,32,10,2,13,3,7,19,6,41,11,7,4
16,5,0,17,0,0,4,3,1,1,28,3,0,11,3,3,4,12,46,19,4,9
12,7,3,8,1,2,1,4,1,0,36,4,4,19,3,3,21,6,30,14,3,11
13,0,1,5,1,2,5,6,0,1,6,10,4,2,3,4,5,11,47,7,3,4
4,7,1,2,0,5,4,5,1,1,3,11,1,18,3,7,16,3,35,3,7,10
10,4,3,15,18,2,0,1,0,0,29,2,2,7,2,2,12,10,6,23,5,8
2,11,3,13,4,6,2,7,0,0,4,11,3,1,2,2,4,4,9,9,2,8
2,2,3,2,7,3,4,7,0,1,14,11,2,16,3,5,19,11,25,15,7,1
15,6,1,16,10,5,0,3,1,0,3,3,0,5,2,2,15,11,1,22,4,3
6,7,2,7,2,1,8,4,0,0,3,10,2,3,1,7,9,8,5,1,6,7
10,10,1,16,16,5,3,4,1,1,21,10,0,10,1,0,20,14,34,23,5,5
8,0,2,2,0,1,3,0,0,1,30,2,1,2,1,5,9,9,4,3,3,1
9,3,1,2,9,1,8,0,1,1,9,11,3,3,3,7,12,13,24,10,4,10
9,1,1,4,7,5,6,3,0,0,26,7,4,18,3,1,12,13,27,9,2,11
0,8,0,14,9,2,7,6,0,1,22,9,0,3,0,6,20,5,23,14,1,1
5,6,5,12,6,0,1,1,0,0,15,10,3,12,0,2,5,0,24,9,2,8
15,9,4,13,8,5,0,5,1,0,5,8,4,11,3,4,18,7,36,14,7,9
18,6,3,12,3,1,0,0,1,1,35,11,2,2,1,0,10,4,15,12,3,10
6,9,1,11,17,6,8,2,1,1,34,10,0,1,2,6,9,2,19,17,4,5
14,13,3,3,10,0,3,6,1,0,20,7,2,14,0,0,17,1,37,22,7,11
8,5,1,1,0,5,5,2,0,1,8,11,0,7,0,3,6,6,6,8,2,11
9,3,0,13,16,5,6,6,0,1,3,5,1,13,2,3,15,5,14,15,3,11
5,4,0,5,0,0,1,0,1,1,5,3,1,7,2,2,12,13,30,21,2,8
8,3,1,0,8,2,4,3,0,0,22,2,2,5,1,0,20,0,25,21,1,4
5,3,0,6,16,6,3,3,1,1,1,4,4,6,1,0,19,14,14,20,5,10
14,9,4,17,6,1,3,6,1,0,26,3,4,18,3,3,8,3,11,1,4,12
8,13,0,13,7,0,6,7,1,0,12,10,1,11,3,1,4,14,41,14,3,4
14,3,5,1,10,5,3,2,1,0,7,8,3,8,0,4,11,13,39,21,2,6
5,5,0,2,9,0,2,4,0,0,15,7,4,9,3,3,0,8,47,2,3,3
17,3,1,2,1,3,0,1,1,0,7,6,4,19,2,0,20,12,12,21,3,4
1,3,3,11,2,6,0,6,1,1,6,11,2,15,0,3,21,1,48,14,7,4
1,9,3,4,17,6,4,7,0,1,35,6,4,9,1,0,2,14,37,12,1,5
4,4,3,10,6,6,0,0,1,1,6,5,4,12,2,2,19,12,13,23,2,9
0,2,0,6,12,0,2,0,0,1,0,3,4,17,2,0,11,7,48,12,7,7
15,3,0,16,6,3,1,2,1,0,23,6,1,14,3,3,11,10,33,7,2,2
7,3,5,17,17,2,7,3,0,1,22,3,3,0,2,1,17,1,4,22,5,2
14,6,5,14,7,1,0,2,0,0,19,3,0,14,2,1,2,13,21,3,4,10
11,1,2,12,3,6,1,7,1,0,26,9,2,10,2,3,12,3,43,15,7,6
1,4,2,0,10,2,4,6,1,0,4,10,0,9,3,5,9,8,25,18,2,2
1,2,5,0,7,3,4,3,1,0,7,3,0,6,2,5,0,13,7,0,7,1
7,11,2,13,13,4,1,6,1,0,30,4,2,14,1,1,5,15,32,18,6,5
0,0,0,3,5,0,1,0,0,1,12,9,4,1,3,4,9,12,45,16,6,11
5,5,3,1,2,4,5,1,0,0,19,5,1,3,0,0,15,10,31,23,6,5
14,11,1,17,11,0,5,6,1,1,3,5,4,17,0,3,6,3,45,22,6,11
10,3,5,16,6,2,6,5,0,1,13,1,0,5,3,3,19,11,17,20,1,11
2,6,0,15,15,3,5,3,0,1,11,11,3,18,3,1,14,13,23,1,1,4
15,2,4,8,12,5,1,3,1,0,29,11,1,16,2,0,16,13,42,17,1,2
17,3,4,0,15,1,4,2,0,0,39,5,2,9,0,5,15,9,31,20,1,1
15,3,4,5,15,3,1,7,1,1,39,6,2,19,2,5,16,9,23,8,2,2
11,6,3,11,0,6,0,6,0,0,35,5,3,4,2,0,16,13,39,1,5,2
8,10,4,6,15,5,4,3,1,1,32,6,4,4,2,4,3,9,36,16,4,4
0,3,5,6,15,4,6,0,0,0,0,3,4,9,1,3,6,9,38,10,7,4
14,4,0,9,3,2,3,2,1,1,26,2,2,8,2,2,14,0,45,17,3,11
4,0,5,1,1,1,1,5,1,0,10,5,1,8,1,3,11,7,22,1,1,3
1,5,0,17,17,1,0,2,1,1,23,3,0,11,3,1,6,11,49,11,2,12
12,0,1,3,3,1,1,0,1,1,37,6,1,12,1,7,7,11,17,21,2,8
6,8,0,16,1,1,3,3,0,0,30,5,2,14,0,4,18,11,49,16,4,7
4,5,2,13,2,6,0,1,1,1,25,7,0,3,3,2,20,12,9,11,5,10
13,5,1,5,17,0,6,7,1,0,37,5,0,5,0,5,20,9,48,1,4,11
18,0,0,3,17,6,8,0,0,0,12,11,1,18,0,2,21,6,10,23,6,11
1,5,3,4,17,3,5,6,0,1,32,10,1,17,1,7,0,11,41,17,6,11
8,13,1,4,14,4,3,2,1,1,7,1,3,10,3,1,0,0,39,23,2,10
15,7,1,0,3,3,0,3,1,0,25,2,0,6,1,6,10,13,37,13,4,4
14,5,5,1,12,4,3,4,1,1,34,2,3,9,0,2,10,2,49,11,7,11
12,1,4,2,18,4,7,1,1,1,34,8,1,5,0,2,9,2,30,23,3,3
11,11,3,2,13,5,8,2,0,1,21,7,4,10,1,3,10,10,19,20,4,6
7,13,1,15,3,3,0,5,0,0,27,6,2,16,2,7,9,7,25,0,5,2
1,11,2,2,10,3,0,1,0,1,1,2,0,18,0,0,10,1,47,1,3,8
17,4,2,6,17,1,0,4,0,0,7,9,1,11,0,7,21,15,47,17,1,11
0,7,2,0,9,1,0,4,0,0,12,10,2,11,0,5,3,12,24,22,4,6
16,11,5,4,2,0,3,6,0,0,5,7,3,0,2,4,16,0,5,5,7,3
11,11,5,4,10,2,5,6,0,0,8,2,3,18,3,1,2,15,31,0,7,10
9,7,3,12,15,6,3,1,1,1,19,9,1,13,3,7,6,2,20,9,7,10
7,3,0,11,9,6,5,5,1,1,3,7,2,11,0,5,17,3,15,10,3,11
4,10,2,16,12,4,2,6,0,1,26,8,1,1,2,5,2,15,10,17,6,11
3,8,3,9,7,2,3,5,1,1,1,11,3,18,2,0,3,0,32,5,2,5
11,2,2,12,5,2,5,7,1,1,2,1,4,9,2,3,15,9,12,21,2,9
7,3,1,12,13,5,3,0,0,1,36,8,2,7,0,0,17,8,39,11,6,7
12,2,2,4,2,6,6,0,0,1,28,2,4,18,2,2,2,11,16,4,2,11
3,8,3,10,8,4,4,7,1,0,30,7,2,8,0,0,17,1,12,21,5,5
15,13,5,16,15,6,7,0,1,1,12,2,4,0,0,6,14,7,46,9,1,1
10,6,5,4,3,0,7,1,0,1,38,5,1,1,3,0,14,0,36,13,1,2
18,12,4,1,5,4,8,4,0,1,18,3,2,14,3,7,5,1,30,12,1,11
7,12,4,2,1,2,8,0,1,1,37,11,0,3,3,2,19,14,46,7,4,4
13,10,2,12,7,4,0,1,1,0,13,10,4,16,0,3,15,12,15,10,4,3
8,9,2,14,12,1,7,0,1,1,4,1,4,10,1,6,0,11,25,22,7,9
9,10,2,11,10,4,6,6,0,1,37,2,4,0,3,2,19,15,10,1,1,1
6,9,3,13,8,2,3,0,1,1,15,11,1,7,2,7,10,5,5,0,3,6
9,0,2,14,5,0,0,0,0,1,13,8,3,10,0,6,11,1,44,10,7,10
17,0,5,4,4,4,5,3,1,0,0,3,3,9,3,2,20,4,31,17,7,11
11,3,5,5,4,0,2,4,0,0,4,8,1,0,3,5,15,7,43,1,1,6
1,6,0,7,0,5,1,7,0,0,37,1,1,14,3,6,4,6,27,1,1,3
6,10,4,5,13,6,0,4,1,0,18,9,2,6,2,2,6,10,13,20,6,6
8,13,5,0,0,0,8,5,1,1,27,8,2,2,2,3,6,3,9,17,2,2
9,12,4,12,7,5,7,6,0,1,31,8,1,8,2,1,4,7,23,18,4,7
6,5,4,9,0,3,0,2,0,1,30,2,4,12,0,0,6,13,42,4,4,12
14,13,5,14,7,3,1,0,0,1,25,6,0,10,1,1,1,8,43,12,3,4
18,0,5,9,6,4,8,1,0,0,37,9,4,16,1,3,9,2,16,10,5,2
14,8,2,0,0,5,1,4,0,0,22,7,0,10,2,1,19,7,18,0,1,4
8,9,4,10,10,2,1,3,1,1,17,11,2,13,2,4,6,15,23,21,7,1
6,8,4,15,4,1,4,3,1,1,11,10,4,12,2,2,11,2,12,22,2,5
4,0,5,13,2,4,2,2,1,0,8,5,1,8,0,7,17,0,35,14,1,6
16,7,1,15,17,5,4,5,1,1,21,7,3,6,3,4,4,12,8,8,3,2
11,2,3,4,4,6,8,6,1,0,8,8,1,1,1,7,12,11,9,18,1,12
0,10,2,11,2,4,1,3,1,0,0,11,3,3,0,6,9,1,24,12,7,1
5,0,1,1,18,6,1,5,0,0,32,9,1,16,1,4,17,3,17,12,6,6
14,1,2,13,4,5,6,3,1,0,29,8,1,18,0,2,0,12,24,14,7,1
6,7,4,16,18,4,7,2,0,1,31,7,3,5,1,3,4,9,3,17,6,10
5,0,3,12,8,5,2,7,0,0,2,7,2,14,3,3,9,14,15,13,5,11
2,12,3,14,11,3,0,6,1,1,20,8,0,8,1,3,8,13,31,10,6,8
4,11,0,16,16,3,5,0,1,1,31,10,4,2,1,0,12,7,5,18,4,3
13,1,2,12,4,0,0,4,0,1,4,11,3,3,3,6,16,9,3,1,1,4
18,12,0,14,6,0,8,3,0,1,36,7,3,5,0,2,0,4,15,0,5,12
7,8,1,16,0,4,3,0,1,0,33,1,2,4,2,0,14,9,48,21,3,10
10,12,0,3,11,0,6,2,1,0,14,8,4,5,3,6,14,2,11,2,1,3
6,7,3,9,18,0,6,4,1,0,4,9,4,8,0,2,13,15,16,8,4,11
12,2,2,0,8,4,1,3,0,0,21,2,3,0,2,0,3,13,36,6,1,1
10,4,5,5,6,2,4,7,1,1,4,10,1,9,1,0,18,7,15,16,2,12
14,2,1,16,1,5,2,5,1,1,37,1,3,0,3,6,13,10,18,22,4,11
18,11,1,2,7,1,3,5,0,0,18,10,2,11,1,7,3,12,9,22,5,8
2,2,2,9,15,6,4,3,1,0,18,6,3,15,2,6,0,4,46,15,6,4
10,6,3,7,3,3,5,5,0,0,36,11,1,15,1,0,5,7,41,10,4,8
12,6,5,17,8,0,5,2,0,0,33,2,2,8,1,4,20,10,24,6,2,1
0,7,5,16,13,1,6,5,0,0,18,5,3,2,2,7,16,14,23,19,3,5
6,9,0,0,10,4,6,0,0,1,28,4,0,18,2,5,0,5,25,9,7,9
18,3,4,0,5,6,0,3,1,0,22,11,3,6,0,7,8,13,42,10,2,7
11,6,4,16,8,0,4,3,1,0,1,1,3,0,1,2,20,4,23,19,7,8
8,1,3,1,4,2,3,7,1,0,8,7,3,13,3,1,21,10,31,7,2,6
9,6,1,8,3,6,5,2,1,1,2,7,1,9,2,6,14,12,32,4,6,8
7,6,4,11,16,0,3,5,0,0,9,2,3,17,1,4,4,8,26,21,4,9
0,13,5,12,12,4,7,7,0,1,6,3,2,1,1,1,4,13,38,12,5,11
12,6,0,15,2,3,3,7,0,0,35,9,1,16,1,2,9,2,2,2,6,9
13,6,3,13,8,6,3,3,0,0,3,9,1,1,2,7,21,12,22,21,1,2
9,10,2,2,10,6,6,2,1,1,5,5,0,2,1,5,11,11,0,17,5,5
16,12,5,7,15,4,3,4,0,1,6,3,1,18,1,4,17,3,38,13,5,7
7,7,2,9,15,6,6,3,0,0,34,6,4,7,3,5,5,4,16,18,7,3
9,7,4,3,18,0,6,2,1,1,3,7,3,3,1,6,7,14,12,16,2,8
1,11,0,7,14,2,6,5,0,1,22,8,1,14,2,0,20,7,4,3,3,6
5,3,1,2,18,2,3,0,1,1,26,3,3,11,3,2,6,12,1,23,6,8
12,2,5,5,8,0,5,1,0,1,10,7,1,8,2,0,0,5,34,21,2,6
13,8,0,5,2,2,3,7,1,0,3,11,0,16,0,6,16,3,7,7,1,4
1,4,0,13,7,4,6,0,1,0,17,9,0,12,2,7,5,4,19,11,5,11
11,3,3,5,0,6,4,3,1,1,6,10,2,18,0,4,14,13,30,2,6,5
13,11,2,2,0,0,6,5,0,0,3,3,0,18,1,3,9,9,23,21,3,5
13,8,2,16,12,4,7,1,1,0,33,8,2,17,2,5,20,6,2,17,4,2
11,5,4,8,15,0,0,0,0,1,26,3,0,3,2,3,20,15,26,6,3,2
3,12,5,0,18,2,4,2,0,1,33,7,4,16,3,7,5,13,6,11,3,9
5,1,3,5,3,4,6,7,0,1,23,7,3,15,3,2,2,7,32,15,3,3
10,4,2,9,6,4,3,3,1,1,24,11,3,5,1,5,19,2,28,1,1,4
9,9,4,8,5,5,5,5,0,0,13,11,1,14,1,5,18,9,19,0,1,4
11,4,1,0,3,0,4,6,1,0,15,6,3,14,1,6,7,10,44,11,3,1
17,1,4,8,12,3,1,6,0,1,36,6,4,9,1,4,2,6,37,6,4,3
0,11,5,7,11,4,2,1,0,0,2,8,1,9,2,7,5,14,3,8,6,9
11,0,1,0,3,4,4,1,1,1,14,5,1,4,2,1,21,10,43,2,4,7
7,13,5,2,9,3,0,0,0,1,23,9,3,15,3,6,16,9,36,15,2,10
11,11,2,15,6,0,4,0,1,1,6,8,3,1,1,1,1,10,16,0,6,1
1,0,0,11,8,6,4,3,1,0,21,6,4,13,1,2,2,0,25,7,7,1
3,5,3,12,11,6,4,4,1,1,31,4,0,2,3,3,15,11,44,8,5,1
3,0,0,8,14,0,4,6,1,0,25,6,0,0,0,2,9,4,9,6,3,5
16,5,2,13,2,5,6,0,1,1,20,10,2,8,0,1,12,14,29,14,2,10
11,13,4,13,11,3,3,0,1,0,2,4,2,4,1,7,21,13,43,4,2,7
1,0,2,0,2,0,2,3,0,0,3,11,4,8,1,4,6,8,27,2,4,11
15,6,5,5,12,4,4,7,0,0,24,9,2,10,0,3,1,0,15,0,2,8
18,12,2,10,5,4,8,4,0,1,7,4,1,2,1,3,9,2,48,7,3,11
18,4,4,14,17,4,8,0,0,0,26,9,0,3,2,4,4,14,40,12,3,8
8,5,4,12,17,4,8,2,1,0,7,5,2,3,2,3,2,6,11,5,4,5
13,11,3,2,1,2,8,6,0,1,2,7,3,7,1,5,15,8,1,10,2,9
3,12,3,10,9,4,0,3,1,0,29,3,4,7,1,0,14,14,21,6,6,9
1,10,0,8,14,3,7,0,0,0,27,6,4,9,1,5,8,4,10,9,6,3
6,8,5,14,7,1,7,0,1,0,6,10,4,4,1,7,8,2,31,19,3,5
1,13,1,8,17,4,7,1,1,1,18,8,3,0,0,6,16,1,49,22,1,2
5,5,0,8,5,4,4,0,0,1,34,8,1,12,2,6,14,7,21,19,4,3
7,9,3,5,12,1,8,5,0,0,18,3,2,7,0,1,6,1,30,9,6,9
3,0,5,6,4,6,5,0,1,1,16,8,0,16,2,6,1,8,32,10,2,11
14,5,1,17,12,6,2,5,1,0,25,7,3,17,0,7,0,11,16,13,5,10
7,3,0,13,13,6,1,0,0,0,0,3,3,8,3,1,20,13,36,21,2,5
3,4,1,2,0,0,7,3,0,0,28,5,0,17,0,5,16,8,3,3,1,9